text,output,flag,username,timestamp
"example_data = ""Allan Mask's email address is allan.mask@example.com, birthdate is 2021-12-25, and phone number is +358 409876541.""
","example_data = ""Allison Hill email address is <EMAIL_ADDRESS>, birthdate is <DATE_TIME>, and phone number is +1-210-343-3218x1960.""
",,,2024-08-05 04:24:58.483615
"example_data = ""Allison Hill email address is <EMAIL_ADDRESS>, birthdate is <DATE_TIME>, and phone number is +1-210-343-3218x1960.""","Translated: example_data = ""Allison Hill email address is <EMAIL_ADDRESS>, birthdate is <DATE_TIME>, and phone number is +1-210-343-3218x1960.""",,,2024-08-05 04:25:42.501421
"Explanation:
Imports:

MarianMTModel and MarianTokenizer from transformers are imported to handle the translation.
Initialization:

The model and tokenizer are initialized with the Helsinki-NLP/opus-mt-en-fi model, which is designed for English to Finnish translation.
translate_text Function:

This function takes an input text string in English and returns the translated text string in Finnish.
The text is tokenized, translated using the model, and then decoded back into a readable string.
Example Usage:

The script includes an example usage section that demonstrates how to translate a sample text when the script is run directly.
Additional Considerations:
Dependencies:
Ensure that transformers and torch libraries are installed.
Install sentencepiece as it is required by the MarianTokenizer.","Selitys: Tuonti: MarianMTModel ja MarianTokenizer muuntajista tuodaan käsittelemään käännöstä. Alustus: Malli ja sulautin alustetaan Helsinki-NLP/opus-mt-fi-mallilla, joka on suunniteltu englanniksi ja suomeksi. Translate_text Function: Tämä toiminto vie tekstijonon englanniksi ja palauttaa suomenkielisen käännetyn tekstijonon. Teksti kuitataan, käännetään mallin avulla ja puretaan sitten luettavaksi. Esimerkki: Käsikirjoitus sisältää esimerkillisen käyttöosion, joka osoittaa, miten näyteteksti käännetään, kun kirjoitus suoritetaan suoraan. Lisähuomautukset: Riippuvuus: Varmista, että muuntajat ja soihtukirjastot asennetaan. Asenna lauseosa MarianTokenizerin edellyttämällä tavalla.",,,2024-08-05 04:54:25.006775
"Patient Name: Allison Hill of Birth: <DATE_TIME>
Email: <EMAIL_ADDRESS>
Phone Number: +<IN_PAN>
Medical Notes: Allison Hill is a <DATE_TIME> male with a history of hypertension. He is currently taking <IN_PAN> 10mg <DATE_TIME>. His latest blood pressure reading was 140/90 mmHg. He has no known allergies. Follow-up appointment scheduled for <DATE_TIME>.
",,,,,2024-08-05 23:26:12.889783
flagged/Upload Excel file to anonymize/d83aa80ceede527e12f2/TestData.xlsx,flagged/output/7eeaa2afc77b07268e3f/anonymized_data.xlsx,,,2024-08-06 18:46:44.979183
